<?xml version='1.0' encoding='UTF-8' ?>
<timeLogEntries>
  <time id="62" path="/Proyecto/PSP Fundamentals &amp; Advanced/Program 6/Planning" start="@1492625143000" delta="14" flag="A" />
  <time id="63" flag="D" />
  <time id="64" path="/Proyecto/PSP Fundamentals &amp; Advanced/Program 6/Design" start="@1492626626000" delta="11" flag="A" />
  <time id="65" flag="D" />
  <time id="66" path="/Proyecto/PSP Fundamentals &amp; Advanced/Program 6/Design Review" start="@1492627335000" delta="8" flag="A" />
  <time id="67" flag="D" />
  <time id="68" path="/Proyecto/PSP Fundamentals &amp; Advanced/Program 6/Code" start="@1492627821000" delta="100" flag="A" />
  <time id="69" flag="D" />
  <time id="70" path="/Proyecto/PSP Fundamentals &amp; Advanced/Program 6/Code Review" start="@1492633844000" delta="15" flag="A" />
  <time id="71" flag="D" />
  <time id="72" path="/Proyecto/PSP Fundamentals &amp; Advanced/Program 6/Test" start="@1492634786000" delta="17" flag="A" />
  <time id="73" path="/Proyecto/PSP Fundamentals &amp; Advanced/Program 6/Postmortem" start="@1492660145486" delta="8" flag="A" />
  <time id="74" path="/Proyecto/PSP Fundamentals &amp; Advanced/Program 6/Compile" start="@1492660241277" delta="15" flag="A" />
</timeLogEntries>
